file_first_name,code_extension,cnt
,TRUE,3588331
/index.,TRUE,846724
/readme.,TRUE,528726
/.,TRUE,506443
/package.,TRUE,272670
/compas.,TRUE,252134
/__init__.,TRUE,235169
/main.,TRUE,226291
/bench.,TRUE,155597
/build.,TRUE,134988
/test.,TRUE,132742
/jquery.,TRUE,123338
/doc.,TRUE,113743
/config.,TRUE,104866
/cmakelists.,TRUE,90670
/makefile.,TRUE,82022
/pom.,TRUE,80192
/app.,TRUE,77314
/org.,TRUE,71674
/s15.,TRUE,71067
/apt.,TRUE,70584
/license.,TRUE,60099
/data.,TRUE,59232
/15.,TRUE,57533
/types.,TRUE,56260
/input.,TRUE,52697
/es6.,TRUE,52304
/summary.,TRUE,52286
/package-info.,TRUE,51693
/1.,TRUE,51127
/django.,TRUE,49710
/utils.,TRUE,49352
/plugin.,TRUE,48587
/settings.,TRUE,47928
/info.,TRUE,47867
/changelog.,TRUE,47185
/contents.,TRUE,47089
/bootstrap.,TRUE,46025
/default.,TRUE,43608
/system.,TRUE,42218
/util.,TRUE,41755
/core.,TRUE,39841
/manifest.,TRUE,39584
/strings.,TRUE,38341
/version.,TRUE,37941
/client.,TRUE,37419
/common.,TRUE,37226
/properties.,TRUE,36383
/compas_rhino.,FALSE,35664
/error.,TRUE,35470
/2.,TRUE,35365
/assemblyinfo.,TRUE,35257
/server.,TRUE,34958
/messages.,TRUE,34662
/style.,TRUE,34469
/base.,TRUE,34414
/0.,TRUE,34063
/output.,TRUE,34000
/module.,TRUE,33328
/2d.,TRUE,32589
/expected.,TRUE,32242
/meta.,TRUE,31416
/api.,TRUE,30815
/icon.,TRUE,30419
/application.,TRUE,30177
/template.,TRUE,30094
/project.,TRUE,29855
/list.,TRUE,29705
/zz_generated.,TRUE,29528
/register.,TRUE,29475
/3.,TRUE,29308
/resources.,TRUE,28417
/errors.,TRUE,28217
/options.,TRUE,27616
/interface.,TRUE,27555
/no.,TRUE,27166
/node.,TRUE,27056
/map.,TRUE,26935
/component.,TRUE,26452
/com.,TRUE,25956
/setup.,TRUE,25876
/styles.,TRUE,25725
/install.,TRUE,25669
/search.,TRUE,25555
/ic_launcher.,FALSE,24694
/constants.,TRUE,24575
/service.,TRUE,24534
/example.,TRUE,24228
/edit.,TRUE,24019
/history.,TRUE,23876
/metadata.,TRUE,23453
/glyphicons-halflings-regular.,FALSE,23383
/user.,TRUE,23256
/favicon.,TRUE,22757
/go.,TRUE,22582
/models.,TRUE,22561
/view.,TRUE,22454
/file.,TRUE,22011
/log.,TRUE,21718
/fontawesome-webfont.,FALSE,21706
/run.,TRUE,21703
/contributing.,TRUE,21642
/init.,TRUE,21587
/header.,TRUE,21308
/generated.,TRUE,21272
/5.,TRUE,21142
/image.,TRUE,20712
/microsoft.,TRUE,20388
/a.,TRUE,20333
/4.,TRUE,20320
/filter.,TRUE,20171
/en.,TRUE,19973
/tests.,TRUE,19910
/logo.,TRUE,19779
/tsconfig.,TRUE,19698
/s11.,TRUE,19540
/packages.,TRUE,19508
/yes.,TRUE,19434
/parser.,TRUE,18975
/table.,TRUE,18966
/menu.,TRUE,18582
/es.,TRUE,18370
/composer.,TRUE,18270
/optimal.,TRUE,18223
/web.,TRUE,17702
/basic.,TRUE,17687
/compas_blender.,FALSE,17500
/kt0.,FALSE,17438
/empty.,TRUE,17288
/7.,TRUE,17206
/schema.,TRUE,17111
/model.,TRUE,17001
/helpers.,TRUE,16930
/package-summary.,FALSE,16864
/text.,TRUE,16624
/package-frame.,FALSE,16504
/es7.,TRUE,16466
/views.,TRUE,16347
/help.,TRUE,16257
/events.,TRUE,16232
/field.,TRUE,16131
/package-tree.,TRUE,16111
/class.,TRUE,16088
/resource.,TRUE,16062
/bower.,TRUE,15938
/sample.,TRUE,15922
/debug.,TRUE,15921
/layout.,TRUE,15918
/benchmark.,TRUE,15718
/theme.,TRUE,15603
/login.,TRUE,15560
/admin.,TRUE,15445
/de.,TRUE,15158
/actual.,TRUE,15105
/context.,TRUE,15105
/event.,TRUE,15103
/message.,TRUE,14997
/program.,TRUE,14926
/page.,TRUE,14838
/new.,TRUE,14799
/exception.,TRUE,14618
/chocolateyinstall.,TRUE,14545
/expected_output.,TRUE,14536
/create.,TRUE,14517
/ui.,TRUE,14503
/urls.,TRUE,14419
/script.,TRUE,14377
/show.,TRUE,14363
/fr.,TRUE,14357
/periodic-ww1.,FALSE,14283
/configuration.,TRUE,14150
/parse.,TRUE,14098
/string.,TRUE,14085
/11.,TRUE,13994
/delete.,TRUE,13892
/generic.,TRUE,13710
/home.,TRUE,13705
/androidmanifest.,TRUE,13669
/form.,TRUE,13614
/time.,TRUE,13589
/ca.,TRUE,13468
/button.,TRUE,13448
/html.,TRUE,13302
/v0.,TRUE,13301
/command_summary.,FALSE,13226
/short_summary.,FALSE,13225
/bundle.,TRUE,13221
/logger.,TRUE,13215
/02.,TRUE,13182
/grid.,TRUE,13175
/8.,TRUE,13160
/add.,TRUE,13062
/link.,TRUE,13029
/io.,TRUE,13022
/loader.,TRUE,13003
/json.,TRUE,12970
/03.,TRUE,12951
/foo.,TRUE,12921
/05.,TRUE,12901
/01.,TRUE,12881
/update.,TRUE,12872
/6.,TRUE,12808
/about.,TRUE,12717
/demo.,TRUE,12705
/all.,TRUE,12698
/actions.,TRUE,12666
/jquery-ui.,TRUE,12627
/cache.,TRUE,12515
/icons.,TRUE,12479
/lib.,TRUE,12478
/controller.,TRUE,12472
/04.,TRUE,12293
/content.,TRUE,12287
/10.,TRUE,12255
/result.,TRUE,12221
/simple.,TRUE,12171
/set.,TRUE,12102
/06.,TRUE,11972
/ru.,TRUE,11941
/functions.,TRUE,11852
/same-http.,FALSE,11840
/footer.,TRUE,11837
/browser.,TRUE,11789
/block.,TRUE,11786
/07.,TRUE,11756
/function.,TRUE,11644
/swagger.,TRUE,11580
/it.,TRUE,11566
/editor.,TRUE,11531
/saved_profile.,FALSE,11446
/global.,TRUE,11436
/description.,TRUE,11414
/auth.,TRUE,11383
/bg.,TRUE,11355
/paginators-1.,TRUE,11348
/bootstrap-datepicker.,TRUE,11298
/webpack.,TRUE,11245
/request.,TRUE,11209
/container.,TRUE,11103
/ext.,TRUE,11072
/api-2.,TRUE,11060
/colors.,TRUE,11040
/task.,TRUE,10986
/nl.,TRUE,10969
/constant.,TRUE,10943
/editor_plugin.,TRUE,10919
/group.,TRUE,10890
/defaults.,TRUE,10885
/type.,TRUE,10869
/array.,TRUE,10844
/tags.,TRUE,10727
/classes.,TRUE,10720
/9.,TRUE,10689
/requirements.,TRUE,10619
/object.,TRUE,10606
/b.,TRUE,10597
/loading.,TRUE,10497
/_index.,TRUE,10484
/jquery-1.,TRUE,10484
/load.,TRUE,10435
/editor_plugin_src.,TRUE,10397
/database.,TRUE,10376
/pl.,TRUE,10349
/environment.,TRUE,10332
/storage.,TRUE,10191
/id.,TRUE,10179
/helper.,TRUE,10176
/query.,TRUE,10164
/select.,TRUE,10111
/variables.,TRUE,10094
/status.,TRUE,10040
/path.,TRUE,10023
/generated_expansion.,TRUE,9952
/root.,TRUE,9946
/css.,TRUE,9916
/dialog.,TRUE,9885
/copy.,TRUE,9848
/misc.,TRUE,9753
/logging.,TRUE,9665
/12.,TRUE,9665
/lucene.,TRUE,9646
/http.,TRUE,9611
/tag.,TRUE,9590
/pt.,TRUE,9577
/s7.,TRUE,9567
/size.,TRUE,9544
/viewer.,TRUE,9494
/buttons.,TRUE,9485
/exceptions.,TRUE,9474
/command.,TRUE,9459
/reference.,TRUE,9452
/transform.,TRUE,9447
/rules.,TRUE,9446
/tr.,TRUE,9423
/name.,TRUE,9404
/dockerfile.,TRUE,9401
/tables.,TRUE,9397
/store.,TRUE,9356
/forms.,TRUE,9344
/sv.,TRUE,9332
/comment.,TRUE,9332
/site.,TRUE,9313
/connection.,TRUE,9289
/report.,TRUE,9283
/jsfmt.,TRUE,9283
/timer.,TRUE,9258
/cli.,TRUE,9235
/configure.,TRUE,9215
/print.,TRUE,9198
/cs.,TRUE,9187
/modules.,TRUE,9178
/users.,TRUE,9173
/compas_ghpython.,FALSE,9150
/date.,TRUE,9149
/iterator.,TRUE,9143
/format.,TRUE,9138
/package-lock.,TRUE,9104
/close.,TRUE,9072
/en-gb.,TRUE,9037
/usage.,TRUE,9028
/calendar.,TRUE,9011
/background.,TRUE,8979
/plugins.,TRUE,8955
/datatables.,TRUE,8917
/stream.,TRUE,8893
/shim.,TRUE,8892
/profile.,TRUE,8884
/db.,TRUE,8861
/factory.,TRUE,8854
/target.,TRUE,8842
/session.,TRUE,8816
/overview.,TRUE,8806
/compas_plotters.,FALSE,8790
/state.,TRUE,8742
/types_swagger_doc_generated.,TRUE,8727
/services.,TRUE,8726
/make.,TRUE,8700
/code.,TRUE,8690
/docs.,TRUE,8674
/conf.,TRUE,8671
/source.,TRUE,8638
/changes.,TRUE,8637
/results.,TRUE,8595
/validation.,TRUE,8573
/hlsl.,TRUE,8567
/metrics.,TRUE,8530
/values.,TRUE,8530
/hello.,TRUE,8530
/dashboard.,TRUE,8466
/docs-2.,TRUE,8443
/range.,TRUE,8434
/routes.,TRUE,8425
/ja.,TRUE,8424
/generate.,TRUE,8411
/document.,TRUE,8387
/security.,TRUE,8349
/gradle-wrapper.,FALSE,8310
/merge.,TRUE,8296
/hu.,TRUE,8282
/memory.,TRUE,8268
/mod.,TRUE,8245
/extensions.,TRUE,8203
/13.,TRUE,8178
/media.,TRUE,8173
/stats.,TRUE,8143
/implement.,TRUE,8089
/tree.,TRUE,8085
/r.,TRUE,8084
/is-implemented.,TRUE,8049
/toolbar.,TRUE,8024
/start.,TRUE,8019
/token.,TRUE,8008
/colour.,TRUE,8005
/pagination.,TRUE,7999
/response.,TRUE,7986
/buffer.,TRUE,7986
/patch.,TRUE,7972
/key.,TRUE,7967
/application-vnd.,FALSE,7937
/fi.,TRUE,7921
/custom.,TRUE,7918
/ar.,TRUE,7871
/color.,TRUE,7846
/spv.,TRUE,7842
/value.,TRUE,7831
/da.,TRUE,7800
/number.,TRUE,7798
/window.,TRUE,7790
/tools.,TRUE,7790
/xml.,TRUE,7782
/math.,TRUE,7769
/validate.,TRUE,7764
/ko.,TRUE,7756
/log4j.,TRUE,7742
/_form.,TRUE,7740
/interfaces.,TRUE,7709
/toc.,TRUE,7701
/preview.,TRUE,7701
/find.,TRUE,7676
/get.,TRUE,7600
/c.,TRUE,7599
/meson.,TRUE,7557
/bar.,TRUE,7550
/0020.,TRUE,7550
/network.,TRUE,7535
/rc.,TRUE,7534
/examples-1.,TRUE,7529
/import.,TRUE,7527
/gen.,TRUE,7513
/sl.,TRUE,7469
/post.,TRUE,7469
/00a0.,FALSE,7462
/action.,TRUE,7442
/hr.,TRUE,7442
/font-awesome.,TRUE,7431
/commands.,TRUE,7430
/hash.,TRUE,7429
/checkbox.,TRUE,7376
/location.,TRUE,7357
/random.,TRUE,7327
/remove.,TRUE,7319
/compiler.,TRUE,7315
/sort.,TRUE,7313
/runner.,TRUE,7306
/chocolateyuninstall.,TRUE,7301
/keys.,TRUE,7300
/docker-compose.,TRUE,7298
/tf.,TRUE,7294
/platform.,TRUE,7292
/uk.,TRUE,7286
/google.,TRUE,7261
/collection.,TRUE,7231
/same-https.,FALSE,7207
/queue.,TRUE,7185
/cross-http.,FALSE,7180
/lt.,TRUE,7171
/support.,TRUE,7145
/label.,TRUE,7144
/language.,TRUE,7133
/vi.,TRUE,7111
/el.,TRUE,7106
/registry.,TRUE,7083
/vector.,TRUE,7044
/provider.,TRUE,7040
/ro.,TRUE,7021
/s12.,TRUE,7014
/progress.,TRUE,6995
/404.,TRUE,6957
/download.,TRUE,6952
/he.,TRUE,6952
/gl.,TRUE,6948
/sk.,TRUE,6937
/tabs.,TRUE,6932
/operations.,TRUE,6925
/env.,TRUE,6923
/console.,TRUE,6918
/14.,TRUE,6890
/plus.,TRUE,6859
/example_test.,TRUE,6856
/phpunit.,TRUE,6824
/16.,TRUE,6803
/expansion_generated.,TRUE,6775
/_.,TRUE,6773
/apps.,TRUE,6767
/check.,TRUE,6746
/bootstrap-theme.,TRUE,6743
/spec.,TRUE,6704
/_variables.,TRUE,6675
/tooltip.,TRUE,6671
/cross-https.,FALSE,6654
/is.,TRUE,6654
/save.,TRUE,6644
/filters.,TRUE,6634
/address.,TRUE,6632
/tasks.,TRUE,6630
/export.,TRUE,6628
/async.,TRUE,6625
/trace.,TRUE,6623
/chart.,TRUE,6621
/release.,TRUE,6617
/deployment.,TRUE,6615
/faq.,TRUE,6596
/entry.,TRUE,6593
/testing.,TRUE,6584
/builder.,TRUE,6561
/et.,TRUE,6552
/package-use.,FALSE,6546
/zip.,TRUE,6541
/item.,TRUE,6486
/nb.,TRUE,6478
/encode.,TRUE,6462
/lock.,TRUE,6458
/graph.,TRUE,6458
/reset.,TRUE,6450
/json_test.,TRUE,6450
/folder.,TRUE,6443
/library.,TRUE,6412
/yarn.,TRUE,6385
/authors.,TRUE,6379
/djangojs.,TRUE,6372
/examples.,TRUE,6366
/reader.,TRUE,6322
/pt-br.,TRUE,6308
/proxy.,TRUE,6296
/files.,TRUE,6294
/th.,TRUE,6292
/zh-cn.,TRUE,6275
/notification.,TRUE,6274
/router.,TRUE,6271
/decode.,TRUE,6263
/person.,TRUE,6248
/upload.,TRUE,6219
/fa.,TRUE,6210
/video.,TRUE,6210
/navigation.,TRUE,6195
/timestamp.,TRUE,6184
/lv.,TRUE,6166
/blank.,TRUE,6161
/upgrade.,TRUE,6110
/features.,TRUE,6110
/conversion.,TRUE,6104
/writer.,TRUE,6097
/element.,TRUE,6072
/kt1.,FALSE,6060
/email.,TRUE,6046
/todo.,TRUE,6008
/android.,TRUE,5993
/device.,TRUE,5992
/slider.,TRUE,5990
/card.,TRUE,5978
/sidebar.,TRUE,5975
/0054.,TRUE,5967
/0056.,FALSE,5964
/0053.,FALSE,5964
/0050.,FALSE,5962
/0048.,FALSE,5962
/0052.,FALSE,5961
/0051.,FALSE,5961
/0055.,FALSE,5961
/0049.,FALSE,5958
/0057.,FALSE,5957
/0059.,FALSE,5954
/0041.,TRUE,5953
/mainwindow.,TRUE,5950
/0046.,TRUE,5930
/localizable.,TRUE,5928
/0047.,FALSE,5924
/0058.,FALSE,5921
/0042.,TRUE,5921
/0044.,TRUE,5920
/title.,TRUE,5919
/0045.,TRUE,5918
/0043.,TRUE,5915
/url.,TRUE,5915
/004b.,FALSE,5905
/005a.,FALSE,5904
/004a.,FALSE,5904
/lang.,TRUE,5901
/004c.,FALSE,5895
/004d.,FALSE,5894
/004e.,FALSE,5894
/004f.,FALSE,5894
/002f.,FALSE,5880
/attributes.,TRUE,5876
/rgaa30.,FALSE,5850
/notes.,TRUE,5847
/display.,TRUE,5834
/ic_launcher_round.,FALSE,5806
/extension.,TRUE,5793
/intro.,TRUE,5789
/22.,TRUE,5759
/manager.,TRUE,5756
/issue_template.,TRUE,5737
/templates.,TRUE,5737
/modal.,TRUE,5735
/flow.,TRUE,5729
/comments.,TRUE,5692
/control.,TRUE,5688
/fontawesome.,TRUE,5688
/font.,TRUE,5664
/utilities.,TRUE,5648
/diff.,TRUE,5648
/contact.,TRUE,5645
/base64.,TRUE,5635
/backend.,TRUE,5632
/cargo.,TRUE,5631
/si.,TRUE,5631
/bind.,TRUE,5624
/phpmailer.,TRUE,5622
/images.,TRUE,5610
/sync.,TRUE,5607
/general.,TRUE,5603
/transport.,TRUE,5584
/switch.,TRUE,5581
/job.,TRUE,5570
/sr.,TRUE,5564
/head.,TRUE,5556
/clock.,TRUE,5554
/screenshot.,TRUE,5541
/internal.,TRUE,5534
/handler.,TRUE,5531
/eu.,TRUE,5523
/dimens.,TRUE,5510
/route.,TRUE,5485
/scripts.,TRUE,5480
/windows.,TRUE,5470
/identity.,TRUE,5436
/local.,TRUE,5434
/minus.,TRUE,5424
/requests.,TRUE,5417
/panel.,TRUE,5406
/mixins.,TRUE,5401
/category.,TRUE,5399
/eo.,TRUE,5395
/jamfile.,FALSE,5383
/warning.,TRUE,5382
/km.,TRUE,5382
/process.,TRUE,5363
/from.,TRUE,5360
/convert.,TRUE,5348
/wc.,TRUE,5344
/fake.,TRUE,5328
/uri.,TRUE,5316
/alert.,TRUE,5315
/repl.,TRUE,5298
/installation.,TRUE,5271
/currency.,TRUE,5271
/_mixins.,TRUE,5269
/counter.,TRUE,5262
/socket.,TRUE,5259
/labels.,TRUE,5252
/components.,TRUE,5243
/github.,TRUE,5236
/lit.,TRUE,5233
/board.,TRUE,5221
/flags.,TRUE,5219
/foundation.,TRUE,5212
/anchor.,TRUE,5204
/runtime.,TRUE,5194
/tab.,TRUE,5189
/locale.,TRUE,5184
/widget.,TRUE,5180
/versions.,TRUE,5168
/0029.,TRUE,5156
/activiti.,TRUE,5148
/spinner.,TRUE,5132
/0028.,TRUE,5118
/005b.,FALSE,5107
/005d.,FALSE,5096
/shared.,TRUE,5094
/min.,TRUE,5090
/concat.,TRUE,5089
/feature.,TRUE,5079
/in.,TRUE,5077
/operation.,TRUE,5061
/match.,TRUE,5054
/aw22.,FALSE,5054
/repeat.,TRUE,5048
/max.,TRUE,5042
/jquery-ui-1.,TRUE,5041
/0001_initial.,TRUE,5040
/appdelegate.,TRUE,5037
/net.,TRUE,5036
/textarea.,TRUE,5027
/stylesheet.,TRUE,5026
/duration.,TRUE,5019
/lodash.,TRUE,5015
/32.,TRUE,5008
/stdafx.,TRUE,5000
/generator.,TRUE,4999
/order.,TRUE,4986
/any.,TRUE,4984
/replace.,TRUE,4979
/objects.,TRUE,4979
/at.,TRUE,4961
/dummy.,TRUE,4957
/validators.,TRUE,4954
/line.,TRUE,4954
/initialize.,TRUE,4946
/slice.,TRUE,4945
/placeholder.,TRUE,4943
/box.,TRUE,4935
/namespace.,TRUE,4928
/stack.,TRUE,4924
/assert.,TRUE,4909
/permissions.,TRUE,4897
/next.,TRUE,4896
/account.,TRUE,4896
/driver.,TRUE,4859
/pull_request_template.,FALSE,4856
/infoplist.,TRUE,4836
/reducer.,TRUE,4830
/entity.,TRUE,4825
/utility.,TRUE,4822
/const.,TRUE,4815
/params.,TRUE,4813
/mainactivity.,TRUE,4813
/startup.,TRUE,4801
/read.,TRUE,4800
/cy.,TRUE,4796
/af.,TRUE,4794
/enum.,TRUE,4792
/$.,TRUE,4790
/markdown.,TRUE,4789
/0302.,FALSE,4784
/exec.,TRUE,4779
/other.,TRUE,4769
/0303.,TRUE,4759
/mysql.,TRUE,4756
/i18n.,TRUE,4750
/notifications.,TRUE,4749
/struct.,TRUE,4735
/renderer.,TRUE,4723
/006b.,FALSE,4721
/fields.,TRUE,4711
/rgaa22.,FALSE,4705
/camera.,TRUE,4705
/gruntfile.,TRUE,4704
/protocol.,TRUE,4697
/scipy.,TRUE,4693
/cluster.,TRUE,4690
/karma.,TRUE,4690
/zlib.,TRUE,4687
/telemetry.,TRUE,4685
/geo.,TRUE,4682
/md5.,TRUE,4667
/split.,TRUE,4667
/v1.,TRUE,4666
/mk.,TRUE,4661
/spring.,TRUE,4652
/property.,TRUE,4649
/refresh.,TRUE,4648
/fixtures.,TRUE,4643
/reduce.,TRUE,4632
/role.,TRUE,4627
/preferences.,TRUE,4622
/full.,TRUE,4600
/join.,TRUE,4587
/stdout.,TRUE,4585
/ms.,TRUE,4575
/hi.,TRUE,4570
/rule.,TRUE,4553
/angular.,TRUE,4550
/screen.,TRUE,4547
/bn.,TRUE,4546
/point.,TRUE,4545
/first.,TRUE,4537
/engine.,TRUE,4523
/cat.,TRUE,4521
/001-expected.,FALSE,4511
/count.,TRUE,4505
/highlight.,TRUE,4504
/clone.,TRUE,4499
/robots.,TRUE,4491
/keyedobjects.,TRUE,4491
/puppeteer.,TRUE,4490
"/1,2,3,4,5.",FALSE,4488
"/1,2,3.",FALSE,4488
"/0,6.",FALSE,4488
/zh.,TRUE,4484
/rbac.,TRUE,4482
/_base.,TRUE,4472
/scheduler.,TRUE,4470
/normalize.,TRUE,4458
/groups.,TRUE,4447
/matrix.,TRUE,4447
/write.,TRUE,4437
/out.,TRUE,4420
/frame.,TRUE,4419
/navbar.,TRUE,4410
/0033.,TRUE,4400
/0030.,TRUE,4399
/0038.,TRUE,4397
/0036.,TRUE,4397
/0031.,TRUE,4396
/0037.,TRUE,4395
/0032.,TRUE,4395
/0039.,TRUE,4395
/nginx.,TRUE,4394
/0034.,TRUE,4394
/0035.,TRUE,4394
/php.,TRUE,4392
/one.,TRUE,4388
/python.,TRUE,4381
/0063.,TRUE,4381
/0064.,TRUE,4378
/0068.,TRUE,4377
/access.,TRUE,4377
/0071.,TRUE,4377
/gradle.,TRUE,4376
/0066.,FALSE,4375
/0075.,TRUE,4373
/0067.,FALSE,4373
/0065.,FALSE,4373
/0070.,TRUE,4372
/tex.,TRUE,4372
/0079.,FALSE,4370
/0074.,FALSE,4369
/0069.,FALSE,4368
/0072.,TRUE,4367
/0073.,FALSE,4367
/002-expected.,FALSE,4356
/0061.,FALSE,4353
/0062.,FALSE,4352
/ast.,TRUE,4349
/0077.,FALSE,4347
/0076.,FALSE,4347
/logback.,TRUE,4343
/0078.,FALSE,4338
/shell.,TRUE,4337
/007a.,FALSE,4317
/006c.,FALSE,4315
/006a.,FALSE,4313
/006e.,FALSE,4313
/006f.,FALSE,4313
/006d.,FALSE,4313
/paths.,TRUE,4310
/delay.,TRUE,4310
/keyboard.,TRUE,4298
/book.,TRUE,4295
/kendo.,TRUE,4293
/deploy.,TRUE,4288
/expand.,TRUE,4284
/archive.,TRUE,4283
/m-oid=1.,FALSE,4282
/dropdown.,TRUE,4281
/repository.,TRUE,4281
/apply.,TRUE,4279
/method.,TRUE,4277
/2018.,TRUE,4263
/up.,TRUE,4262
/move.,TRUE,4261
/policy.,TRUE,4255
/mail.,TRUE,4251
/arrow.,TRUE,4250
/result_trace.,FALSE,4244
/cover.,TRUE,4238
/thread.,TRUE,4232
/less.,TRUE,4227
/test2.,TRUE,4227
/ajax.,TRUE,4223
/compat.,TRUE,4221
/hooks.,TRUE,4215
/promise.,TRUE,4214
/picturepark.,TRUE,4214
/float.,TRUE,4204
/bs.,TRUE,4194
/bld.,TRUE,4192
/same_sex.,FALSE,4189
/lexer.,TRUE,4189
/opposite_sex.,FALSE,4189
/position.,TRUE,4189
/test1.,TRUE,4187
/introduction.,TRUE,4182
/master.,TRUE,4176
/reverse.,TRUE,4171
/fixture.,TRUE,4168
/newtonsoft.,FALSE,4166
/static.,TRUE,4165
/tensorflow.,TRUE,4152
/sql.,TRUE,4138
/installer.,TRUE,4135
/categories.,TRUE,4134
/java.,TRUE,4132
/javascript.,TRUE,4129
/2019.,TRUE,4126
/vendor.,TRUE,4123
/48.,TRUE,4120
/d.,TRUE,4120
/regex.,TRUE,4116
/selectors.,TRUE,4101
/parameters.,TRUE,4099
/globals.,TRUE,4098
/last.,TRUE,4089
/race.,TRUE,4088
/authentication.,TRUE,4077
/abstract.,TRUE,4071
/clean.,TRUE,4061
/filesystem.,TRUE,4050
/crypto.,TRUE,4048
/before.,TRUE,4046
/row.,TRUE,4043
/product.,TRUE,4036
/compare.,TRUE,4035
/credentials.,TRUE,4034
/examples_test.,TRUE,4033
/sequence.,TRUE,4023
/statistics.,TRUE,4023
/after.,TRUE,4022
/include.,TRUE,4021
/documentation.,TRUE,4017
/ui-icons_ffffff_256x240.,FALSE,4011
/uuid.,TRUE,4010
/args.,TRUE,4002
/circle.,TRUE,4001
/channel.,TRUE,3998
/expression.,TRUE,3998
/section.,TRUE,3996
/overlay.,TRUE,3993
/notice.,TRUE,3985
/open.,TRUE,3978
/sq.,TRUE,3972
/popup.,TRUE,3960
/column.,TRUE,3957
/flag.,TRUE,3954
/observable.,TRUE,3952
/openapi.,TRUE,3951
/x.,TRUE,3949
/radio.,TRUE,3937
/skin.,TRUE,3932
/includes.,TRUE,3916
/worker.,TRUE,3911
/macros.,TRUE,3907
/parameter.,TRUE,3903
/record.,TRUE,3899
/methods.,TRUE,3895
/kernel.,TRUE,3893
/entries.,TRUE,3893
/stop.,TRUE,3885
/compile.,TRUE,3883
/publish.,TRUE,3881
/news.,TRUE,3878
/endpoint.,TRUE,3877
/source-map.,TRUE,3876
/upgrade-protocol.,FALSE,3876
/003-expected.,FALSE,3874
/flash.,TRUE,3873
/call.,TRUE,3871
/ci.,TRUE,3869
/nav.,TRUE,3864
/pdf.,TRUE,3863
/option.,TRUE,3851
/en_dlg.,TRUE,3850
/coverage.,TRUE,3844
/tutorial.,TRUE,3843
/assign.,TRUE,3838
/selector.,TRUE,3818
/mn.,TRUE,3816
/dependencies.,TRUE,3813
/ui-icons_222222_256x240.,FALSE,3811
/clear.,TRUE,3806
/or.,TRUE,3806
/render.,TRUE,3800
/rx.,TRUE,3797
/jqplot.,TRUE,3786
/test_utils.,TRUE,3783
/directory.,TRUE,3776
/phaser.,TRUE,3766
/progressbar.,TRUE,3766
/escape.,TRUE,3760
/sysctl.,TRUE,3759
/tslint.,TRUE,3758
/translate.,TRUE,3756
/transaction.,TRUE,3753
/workspace.,TRUE,3753
/binding.,TRUE,3750
/binary.,TRUE,3744
/links.,TRUE,3744
/ug.,TRUE,3741
/geometry.,TRUE,3733
/pool.,TRUE,3729
/_config.,TRUE,3728
/fs.,TRUE,3714
/null.,TRUE,3711
/pages.,TRUE,3697
/encoding.,TRUE,3688
/carousel.,TRUE,3683
/down.,TRUE,3672
/moment.,TRUE,3671
/kconfig.,TRUE,3670
/middleware.,TRUE,3670
/annotations.,TRUE,3669
/docker.,TRUE,3665
/yaml.,TRUE,3665
/feed.,TRUE,3664
/code_of_conduct.,TRUE,3656
/pretty.,TRUE,3651
/wrap.,TRUE,3637
/prettify.,TRUE,3634
/overload1.,TRUE,3631
/overload2.,TRUE,3630
/gu.,TRUE,3629
/main_test.,TRUE,3624
/twitter.,TRUE,3621
/appveyor.,TRUE,3616
/azuredeploy.,TRUE,3610
/0021.,TRUE,3607
/helloworld.,TRUE,3605
/times.,TRUE,3603
/methodproperties.,TRUE,3602
/0026.,TRUE,3600
/0027.,TRUE,3593
/dom.,TRUE,3588
/translation.,TRUE,3587
/scope.,TRUE,3580
/cpu.,TRUE,3579
/kustomization.,TRUE,3577
/cookie.,TRUE,3574
/every.,TRUE,3573
/suite.,TRUE,3572